"fname","lname","gender","age","email","phone","username"
"Isabella","Brooks","Female","25","i.brooks@randatmail.com","132-0441-82","azyhiiajeg"
"Cadie","Williams","Female","26","c.williams@randatmail.com","075-4114-18","fqauqvybzv"
"Lana","Scott","Female","20","l.scott@randatmail.com","335-1679-95","jbqvgbkhxp"
"Albert","Howard","Male","29","a.howard@randatmail.com","247-6218-11","ukrneyxwfo"
"Carlos","Clark","Male","30","c.clark@randatmail.com","170-2318-99","gsfzeaikfe"
"Ellia","Martin","Female","22","e.martin@randatmail.com","919-5331-27","tgahfwpbbp"
"Jordan","Johnston","Male","27","j.johnston@randatmail.com","505-8550-26","bkxcexcipp"
"Audrey","Thompson","Female","27","a.thompson@randatmail.com","985-1887-31","vmvalrijfq"
"Stuart","Turner","Male","19","s.turner@randatmail.com","232-1429-75","wqlgwczssj"
"Cherry","Kelley","Female","22","c.kelley@randatmail.com","554-9472-46","rpvaawwpgi"
"Paige","Gibson","Female","29","p.gibson@randatmail.com","115-4215-75","seoxyhijjc"
"Nicole","Rogers","Female","22","n.rogers@randatmail.com","043-8794-29","hghkdagmjf"
"Briony","Andrews","Female","20","b.andrews@randatmail.com","111-2814-55","vocszztngt"
"Daniel","Howard","Male","18","d.howard@randatmail.com","814-8251-76","tfxihpasrx"
"Kristian","Davis","Male","22","k.davis@randatmail.com","680-0263-06","oiizczipcb"
"Sophia","Carter","Female","26","s.carter@randatmail.com","215-3792-78","wqcxsqmbam"
"Arthur","Mitchell","Male","23","a.mitchell@randatmail.com","522-5430-75","hhjxlgxbmk"
"Brad","Martin","Male","18","b.martin@randatmail.com","490-2195-96","qrapbzbwwu"
"Preston","Grant","Male","25","p.grant@randatmail.com","641-7260-96","suqgeuzzhi"
"Amelia","Henderson","Female","26","a.henderson@randatmail.com","605-2592-89","zxmlcmoyja"
"Daryl","Murphy","Male","27","d.murphy@randatmail.com","540-4524-74","gxhwsuozhk"
"Owen","Howard","Male","22","o.howard@randatmail.com","277-5087-67","ljcdnrzjaq"
"Lucas","Morrison","Male","30","l.morrison@randatmail.com","535-7385-62","krqkbokeye"
"Lucy","Stewart","Female","27","l.stewart@randatmail.com","117-4073-19","oxrfxqhrmn"
"Vivian","Martin","Female","26","v.martin@randatmail.com","950-9547-71","tiekejsbck"
"Annabella","Carter","Female","23","a.carter@randatmail.com","174-6828-04","pqgiehgawd"
"Alina","Hunt","Female","28","a.hunt@randatmail.com","408-0142-49","shpmxeuuhq"
"Vanessa","Grant","Female","18","v.grant@randatmail.com","273-3989-73","bqaqdanflr"
"Luke","Morrison","Male","28","l.morrison@randatmail.com","851-4792-16","hmshhbmxrv"
"Miley","Mason","Female","19","m.mason@randatmail.com","988-8441-08","stpdtumxda"
"Melanie","Wilson","Female","24","m.wilson@randatmail.com","582-7106-27","vavfrirmai"
"Cherry","Turner","Female","27","c.turner@randatmail.com","117-4711-34","ymtiozgoqh"
"Alberta","Gray","Female","18","a.gray@randatmail.com","425-0572-50","ezsaofkpud"
"Roman","Cunningham","Male","25","r.cunningham@randatmail.com","740-5551-41","kipiglycpz"
"Deanna","Russell","Female","19","d.russell@randatmail.com","569-9154-16","zrpmwlfjoo"
"Ashton","Dixon","Male","28","a.dixon@randatmail.com","314-8948-65","toopsltcip"
"Kevin","Reed","Male","20","k.reed@randatmail.com","374-8262-29","sbpciqvfef"
"Elian","Casey","Male","22","e.casey@randatmail.com","670-3819-88","sqlsfizxks"
"Lucy","Gibson","Female","21","l.gibson@randatmail.com","092-1583-95","hkflbarxnr"
"Paige","Armstrong","Female","20","p.armstrong@randatmail.com","629-2943-27","yypbdyznrb"
"Michael","Owens","Male","18","m.owens@randatmail.com","351-7878-65","izxdjezgdz"
"Aida","Bennett","Female","19","a.bennett@randatmail.com","343-0710-24","mamsvaonjd"
"Victoria","Tucker","Female","29","v.tucker@randatmail.com","986-4040-75","qlvmavtnan"
"Oliver","Wright","Male","21","o.wright@randatmail.com","298-4122-46","kylgpkasdf"
"Edgar","Robinson","Male","26","e.robinson@randatmail.com","238-7618-03","rhapyedwjj"
"Frederick","Sullivan","Male","29","f.sullivan@randatmail.com","143-9201-16","wziaajwxjt"
"Adrianna","Henderson","Female","21","a.henderson@randatmail.com","078-1158-44","xzkwgphvbb"
"Brianna","Wright","Female","27","b.wright@randatmail.com","410-7259-76","zjqopnxguy"
"Penelope","Scott","Female","27","p.scott@randatmail.com","513-4190-85","ekynobnzhg"
"Richard","Morris","Male","29","r.morris@randatmail.com","490-0938-76","qxqdmbqeoh"
"Elise","Williams","Female","24","e.williams@randatmail.com","497-5245-77","pfenonfmuw"
"Michael","Edwards","Male","28","m.edwards@randatmail.com","936-2443-46","jpbjdehkoj"
"Garry","Murphy","Male","20","g.murphy@randatmail.com","006-5046-08","qabbtavtjp"
"Edith","Cole","Female","19","e.cole@randatmail.com","424-2462-38","ltdpumvmbw"
"Edith","Kelley","Female","24","e.kelley@randatmail.com","362-8335-21","znbthfaghh"
"Mike","Harper","Male","28","m.harper@randatmail.com","559-9749-53","hxqrskceqe"
"John","Turner","Male","18","j.turner@randatmail.com","393-3870-93","ahbrpmdtbi"
"Audrey","Ferguson","Female","29","a.ferguson@randatmail.com","480-6994-36","gvueclaqev"